﻿PLAYER_ID,PLAYER_NAME
15,Eric Piatkowski
42,Monty Williams
43,Chris Whitney
56,Gary Payton
57,Doug Christie
63,Michael Smith
72,Kenny Anderson
77,Doug Overton
84,Latrell Sprewell
87,Dikembe Mutombo
89,Nick Van Exel
93,Hubert Davis
103,Todd Day
109,Robert Horry
120,Steven Smith
123,Robert Pack
124,Vlade Divac
133,David Wesley
136,P.J. Brown
145,Tracy Murray
147,Jalen Rose
168,Chris Mills
178,Olden Polynice
185,Chris Webber
208,Sam Cassell
213,Antonio Davis
221,Clar. Weatherspoon
224,Eddie Jones
238,Tyrone Hill
239,Darrick Martin
243,Aaron McKie
244,Dee Brown
248,George Lynch
252,Karl Malone
255,Grant Hill
258,Brian Grant
270,Horace Grant
275,Allan Houston
278,Stacey Augmon
281,Scott Williams
283,Lindsey Hunter
292,Anthony Miller
296,Rick Fox
297,Alonzo Mourning
299,Glenn Robinson
324,Anthony Peeler
339,Tom Gugliotta
340,Kevin Pritchard
344,Dana Barros
348,Mitchell Butler
349,Mark Jackson
353,Darrell Armstrong
358,Anfernee Hardaway
361,Clifford Robinson
363,Christian Laettner
369,Charlie Ward
383,Kendall Gill
384,Calbert Cheaney
389,Toni Kukoc
393,Rod Strickland
397,Reggie Miller
399,Sean Rooks
406,Shaquille O'Neal
422,Avery Johnson
436,Juwan Howard
441,Lamond Murray
445,Wesley Person
446,Lucious Harris
448,Bo Outlaw
452,Vin Baker
458,Howard Eisley
461,Popeye Jones
467,Jason Kidd
468,Jon Barry
469,Jamal Mashburn
673,Alan Henderson
677,Eric Williams
680,John Amaechi
682,Bob Sura
685,Cherokee Parks
686,Antonio McDyess
688,Michael Curry
689,Theo Ratliff
692,Andrew DeClercq
693,Joe Smith
696,Travis Best
697,Fred Hoiberg
699,Brent Barry
702,Voshon Lenard
703,Kurt Thomas
708,Kevin Garnett
711,Jerry Stackhouse
713,Chris Carr
714,Michael Finley
718,Gary Trent
722,Corliss Williamson
724,Cory Alexander
727,Eric Snow
731,Greg Ostertag
739,Rasheed Wallace
754,Jim Jackson
757,Damon Stoudamire
762,Shawn Bradley
763,Tony Massenburg
779,Glen Rice
788,Kevin Willis
813,Bernie Bickerstaff
891,Charles Oakley
902,Bimbo Coles
905,Dale Davis
911,Ervin Johnson
915,Rodney Rogers
916,Corie Blount
922,Elden Campbell
923,Donyell Marshall
924,Anthony Goldwire
932,Oliver Miller
934,Derrick Coleman
935,Bryon Russell
937,Scottie Pippen
947,Allen Iverson
948,Marcus Camby
949,Shareef Abdur-Rahim
950,Stephon Marbury
951,Ray Allen
952,Antoine Walker
953,Lorenzen Wright
954,Kerry Kittles
955,Samaki Walker
956,Erick Dampier
958,Vitaly Potapenko
959,Steve Nash
960,Tony Delk
961,John Wallace
962,Walter McCarty
965,Derek Fisher
966,Jerome Williams
969,Travis Knight
970,Othella Harrington
974,Joseph Blair
976,Jeff McInnis
977,Kobe Bryant
978,Peja Stojakovic
979,Jermaine O'Neal
980,Zydrunas Ilgauskas
983,Moochie Norris
987,Jason Sasser
988,Randy Livingston
990,Malik Rose
998,Mark Pope
1000,Shandon Anderson
1032,Darvin Ham
1038,Juaquin Hawkins
1043,Amal McCaskill
1049,Shane Heal
1052,Ben Handlogten
1065,Erick Strickland
1088,Chucky Atkins
1110,Mark Strickland
1112,Ben Wallace
1165,Luis Grillo
1185,Violet Palmer
1297,Jeff Van Gundy
1425,Aaron Williams
1442,Zeljko Rebraca
1444,Lawrence Funderburke
1477,Bruce Bowen
1495,Tim Duncan
1496,Keith Van Horn
1497,Chauncey Billups
1498,Antonio Daniels
1499,Tony Battie
1500,Ron Mercer
1501,Tim Thomas
1502,Adonal Foyle
1503,Tracy McGrady
1504,Danny Fortson
1505,Tariq Abdul-Wahad
1506,Austin Croshere
1507,Derek Anderson
1508,Maurice Taylor
1509,Kelvin Cato
1510,Brevin Knight
1513,Scot Pollard
1514,Paul Grant
1515,Anthony Parker
1517,Bobby Jackson
1519,John Thomas
1520,Charles Smith
1521,Jacque Vaughn
1531,Marc Jackson
1533,Anthony Johnson
1536,Stephen Jackson
1541,Alvin Williams
1542,Predrag Drobnjak
1544,Chris Crawford
1548,Mark Blount
1559,Adrian Griffin
1563,Kevin Ollie
1565,Michael Stewart
1585,Brandon Williams
1594,Rick Brunson
1601,Rusty LaRue
1607,Troy Hudson
1630,Mikki Moore
1636,Ike Nwankwo
1654,Scott Skiles
1709,Michael Olowokandi
1710,Mike Bibby
1711,Raef LaFrentz
1712,Antawn Jamison
1713,Vince Carter
1714,Robert Traylor
1715,Jason Williams
1716,Larry Hughes
1717,Dirk Nowitzki
1718,Paul Pierce
1719,Bonzi Wells
1720,Michael Doleac
1721,Keon Clark
1723,Matt Harpring
1724,Bryce Drew
1725,Rasho Nesterovic
1727,Pat Garrity
1729,Ricky Davis
1730,Brian Skinner
1731,Tyronn Lue
1732,Felipe Lopez
1733,Al Harrington
1735,Vladimir Stepania
1737,Nazr Mohammed
1738,Ansu Sesay
1739,Ruben Patterson
1740,Rashard Lewis
1741,Jelani McCoy
1742,Shammond Williams
1743,Bruno Sundov
1744,Jerome James
1747,Rafer Alston
1749,Cuttino Mobley
1751,Jahidi White
1752,Sean Marks
1760,Derrick Dial
1761,Greg Buckner
1762,Tremaine Fowlkes
1763,Ryan Bowen
1765,Torraye Braggs
1766,Maceo Baston
1800,Damon Jones
1802,Brad Miller
1844,Fred Vinson
1853,Anthony Carter
1863,Earl Boykins
1882,Elton Brand
1883,Steve Francis
1884,Baron Davis
1885,Lamar Odom
1886,Jonathan Bender
1887,Wally Szczerbiak
1888,Richard Hamilton
1889,Andre Miller
1890,Shawn Marion
1891,Jason Terry
1892,Trajan Langdon
1893,Aleksandar Radojevic
1894,Corey Maggette
1897,Metta World Peace
1899,James Posey
1900,Quincy Lewis
1901,Dion Glover
1902,Jeff Foster
1903,Kenny Thomas
1904,Devean George
1905,Andrei Kirilenko
1908,Jumaine Jones
1909,Scott Padgett
1910,Leon Smith
1913,Michael Ruffin
1916,Calvin Booth
1917,Wang Zhi-zhi
1918,Obinna Ekezie
1919,Laron Profit
1921,Gordan Giricek
1922,Francisco Elson
1924,Lee Nailon
1929,Galen Young
1934,Rodney Buford
1938,Manu Ginobili
1944,Eddie Robinson
1952,Raja Bell
1954,Jason Miskiri
1956,Ira Newble
1960,Milt Palacio
1967,Derek Hood
1969,Peter Cornell
1983,Jermaine Jackson
1985,Zendon Hamilton
2030,Kenyon Martin
2031,Stromile Swift
2032,Darius Miles
2033,Marcus Fizer
2034,Mike Miller
2035,DerMarr Johnson
2036,Chris Mihm
2037,Jamal Crawford
2038,Joel Przybilla
2039,Keyon Dooling
2040,Jerome Moiso
2041,Etan Thomas
2042,Courtney Alexander
2043,Mateen Cleaves
2044,Jason Collier
2045,Hedo Turkoglu
2046,Desmond Mason
2047,Quentin Richardson
2048,Jamaal Magloire
2049,Speedy Claxton
2050,Morris Peterson
2051,Donnell Harvey
2052,DeShawn Stevenson
2054,Jake Tsakalidis
2055,Mamadou N'diaye
2056,Primoz Brezec
2058,Mark Madsen
2059,Eduardo Najera
2060,Marko Jaric
2061,Dan Langhi
2062,A.J. Guyton
2063,Jake Voskuhl
2067,Eddie House
2068,Lavor Postell
2072,Michael Redd
2073,Brian Cardinal
2074,Jabari Smith
2077,Mark Karcher
2078,Jason Hart
2079,Kaniel Dickens
2081,Ernest Brown
2091,Daniel Santiago
2098,Slava Medvedenko
2109,Eddie Gill
2111,Jimmie Hunter
2124,Malik Allen
2135,Nick Sheppard
2136,Jameel Watkins
2137,Ime Udoka
2144,Ademola Okulaja
2148,Mark Ayotte
2198,Kwame Brown
2199,Tyson Chandler
2200,Pau Gasol
2201,Eddy Curry
2202,Jason Richardson
2203,Shane Battier
2204,Eddie Griffin
2205,DeSagana Diop
2206,Rodney White
2207,Joe Johnson
2208,Kedrick Brown
2209,Vladimir Radmanovic
2210,Richard Jefferson
2211,Troy Murphy
2212,Steven Hunter
2214,Michael Bradley
2215,Jason Collins
2216,Zach Randolph
2217,Brendan Haywood
2220,Brandon Armstrong
2221,Raul Lopez
2222,Gerald Wallace
2223,Samuel Dalembert
2224,Jamaal Tinsley
2225,Tony Parker
2226,Will Solomon
2228,Alton Ford
2229,Mike James
2230,Maurice Evans
2239,Trenton Hassell
2240,Gilbert Arenas
2241,Omar Cook
2242,Terence Morris
2243,Brian Scalabrine
2244,Jeff Trepagnier
2245,Damone Brown
2246,Mehmet Okur
2248,Earl Watson
2249,Jamison Brewer
2250,Bobby Simmons
2251,Eric Chenowith
2253,Sean Lampley
2254,Loren Woods
2256,Ken Johnson
2257,Ruben Boumtje-Boumtje
2260,Jarron Collins
2271,Robb Dryden
2294,Charlie Bell
2306,Carlos Arroyo
2321,Paul Shirley
2343,Joe Crispin
2347,Tang Hamilton
2357,Tierre Brown
2365,Chris Andersen
2366,Mike Wilks
2367,Geno Carlisle
2370,Mengke Bateer
2386,Kimani Ffriend
2397,Yao Ming
2398,Jay Williams
2399,Mike Dunleavy
2400,Drew Gooden
2401,Nikoloz Tskitishvili
2402,Dajuan Wagner
2403,Nene
2404,Chris Wilcox
2405,Amar'e Stoudemire
2406,Caron Butler
2407,Jared Jeffries
2408,Melvin Ely
2409,Marcus Haislip
2410,Fred Jones
2411,Bostjan Nachbar
2412,Jiri Welsch
2413,Juan Dixon
2414,Curtis Borchardt
2415,Ryan Humphrey
2416,Kareem Rush
2417,Qyntel Woods
2418,Casey Jacobsen
2419,Tayshaun Prince
2420,Nenad Krstic
2421,Frank Williams
2422,John Salmons
2423,Chris Jefferies
2424,Dan Dickau
2425,Robert Archibald
2427,Roger Mason Jr.
2429,Dan Gadzuric
2430,Carlos Boozer
2431,David Andersen
2434,Juan Carlos Navarro
2435,Mario Kasun
2436,Flip Murray
2437,Lonny Baxter
2438,Jason Jennings
2439,Sam Clancy
2440,Matt Barnes
2441,Jamal Sampson
2443,Darius Songaila
2446,Rasual Butler
2447,Tamar Slay
2449,Luis Scola
2450,Randy Holcomb
2451,Corsley Edwards
2452,J.R. Bremer
2454,Junior Harrington
2456,Cezary Trybanski
2457,Jannero Pargo
2466,Maurice Carter
2469,Pat Burke
2470,Smush Parker
2484,Devin Brown
2486,Maurice Baker
2499,Richie Frahm
2501,Reggie Evans
2508,Gabe Muoneke
2544,LeBron James
2545,Darko Milicic
2546,Carmelo Anthony
2547,Chris Bosh
2548,Dwyane Wade
2549,Chris Kaman
2550,Kirk Hinrich
2551,T.J. Ford
2552,Michael Sweetney
2553,Jarvis Hayes
2554,Mickael Pietrus
2555,Nick Collison
2556,Marcus Banks
2557,Luke Ridnour
2558,Reece Gaines
2559,Troy Bell
2560,Zarko Cabarkapa
2561,David West
2562,Sasha Pavlovic
2563,Dahntay Jones
2564,Boris Diaw
2565,Zoran Planinic
2566,Travis Outlaw
2567,Brian Cook
2568,Carlos Delfino
2569,Ndudi Ebi
2570,Kendrick Perkins
2571,Leandro Barbosa
2572,Josh Howard
2573,Maciej Lampe
2574,Jason Kapono
2575,Luke Walton
2580,Travis Hansen
2581,Steve Blake
2582,Slavko Vranes
2583,Derrick Zimmerman
2584,Willie Green
2585,Zaza Pachulia
2586,Keith Bogans
2587,Malick Badiane
2588,Matt Bonner
2590,Mo Williams
2591,James Lang
2592,James Jones
2594,Kyle Korver
2596,Tommy Smith
2598,Rick Rickert
2599,Brandon Hunter
2601,Andreas Glyniadakis
2602,Jerome Beasley
2604,Theron Smith
2605,Marquis Daniels
2606,Carl English
2617,Udonis Haslem
2618,Marcus Hatten
2624,Quinton Ross
2629,Jon Stefansson
2632,Kirk Penney
2636,Justin Hamilton
2637,Alex Scales
2639,Britton Johnsen
2644,Rick Apodaca
2646,Kris Lang
2648,Ronald Dupree
2650,Demetrius Alexander
2651,Jermaine Boyette
2652,Shelton Jones
2657,Yuta Tabuse
2660,Richard Jeter
2667,Desmond Penigar
2668,Josh Davis
2669,Linton Johnson
2672,Ronald Blackshear
2673,Hiram Fuller
2674,Ray Young
2677,Kevin Lyde
2679,Matt Carroll
2682,Alex Garcia
2683,David Jackson
2684,Melvin Sanders
2688,Brandin Knight
2693,Keith McLeod
2694,Josh Powell
2696,Lynn Greer
2697,Antonio Meeking
2724,Desmond Ferguson
2730,Dwight Howard
2731,Emeka Okafor
2732,Ben Gordon
2733,Shaun Livingston
2734,Devin Harris
2735,Josh Childress
2736,Luol Deng
2737,Rafael Araujo
2738,Andre Iguodala
2739,Luke Jackson
2740,Andris Biedrins
2741,Robert Swift
2742,Sebastian Telfair
2743,Kris Humphries
2744,Al Jefferson
2745,Kirk Snyder
2746,Josh Smith
2747,JR Smith
2748,Dorell Wright
2749,Jameer Nelson
2750,Pavel Podkolzin
2751,Viktor Khryapa
2752,Sergei Monia
2753,Delonte West
2754,Tony Allen
2755,Kevin Martin
2756,Sasha Vujacic
2757,Beno Udrih
2758,David Harrison
2760,Anderson Varejao
2761,Jackson Vroman
2762,Peter John Ramos
2763,Lionel Chalmers
2764,Donta Smith
2765,Andre Emmett
2766,Antonio Burks
2767,Royal Ivey
2768,Chris Duhon
2770,Justin Reed
2772,Trevor Ariza
2773,Tim Pickett
2774,Bernard Robinson
2775,Ha Ha
2776,Pape Sow
2777,Ricky Minard
2779,Vassilis Spanoulis
2781,Romain Sato
2782,Matt Freije
2784,Luis Flores
2786,Blake Stepp
2787,Rashad Wright
2788,DJ Mbenga
2798,Horace Jenkins
2800,Tony Bobbitt
2802,David Bluthenthal
2804,Andres Nocioni
2808,Nate Johnson
2809,Gerald Fitch
2810,Andre Brown
2822,Rich Melzer
2823,John Edwards
2824,Desmon Farmer
2825,Ibrahim Kutluay
2826,Nate Williams
2827,Darius Rice
2832,Neil Yanke
2833,Nigel Dixon
2835,David Hawkins
2839,James Thomas
2841,Steven Barber
2845,Erik Daniels
2847,Adam Parada
2849,Tony Bland
2850,Anwar Ferguson
2852,Awvee Storey
2853,Earl Barron
2854,Ajani Williams
2855,Marque Perry
2857,Andre Barrett
2859,Jerry Dupree
2863,Damien Wilkins
2865,Arthur Johnson
2866,Jackie Butler
2867,Kasib Powell
2873,Billy Thomas
2876,Jared Reiner
2891,Mark Jones
100686,Michaela Pavlickova
100729,Michelle Snow
101106,Andrew Bogut
101107,Marvin Williams
101108,Chris Paul
101109,Raymond Felton
101110,Martell Webster
101111,Charlie Villanueva
101112,Channing Frye
101113,Ike Diogu
101114,Deron Williams
101115,Andrew Bynum
101117,Yaroslav Korolev
101118,Sean May
101119,Rashad McCants
101120,Antoine Wright
101121,Joey Graham
101122,Danny Granger
101123,Gerald Green
101124,Hakim Warrick
101125,Julius Hodge
101126,Nate Robinson
101127,Jarrett Jack
101128,Francisco Garcia
101129,Luther Head
101130,Johan Petro
101131,Jason Maxiell
101132,Linas Kleiza
101133,Ian Mahinmi
101134,Wayne Simien
101135,David Lee
101136,Salim Stoudamire
101137,Daniel Ewing
101138,Brandon Bass
101139,CJ Miles
101141,Ersan Ilyasova
101142,Ronny Turiaf
101143,Travis Diener
101144,Von Wafer
101145,Monta Ellis
101146,Roko Ukic
101147,Chris Taft
101148,Mile Ilic
101149,Martynas Andriuskevicius
101150,Lou Williams
101152,Bracey Wright
101153,Mickael Gelabale
101154,Andray Blatche
101155,Ryan Gomes
101156,Robert Whaley
101158,Orien Greene
101159,Dijon Thompson
101160,Lawrence Roberts
101161,Amir Johnson
101162,Marcin Gortat
101165,Alex Acker
101166,Uros Slokar
101177,Fabricio Oberto
101178,Arvydas Macijauskas
101179,Ronnie Price
101180,Sarunas Jasikevicius
101181,Jose Calderon
101182,Donell Taylor
101183,Shavlik Randolph
101184,Deng Gai
101185,Rawle Marshall
101186,Lucas Tischer
101187,Alan Anderson
101188,Eddie Basden
101189,James Singleton
101190,Matt Walsh
101194,Anthony Roberson
101195,Luke Schenscher
101198,Will Bynum
101204,Dwayne Jones
101207,Kevin Burleson
101208,Spencer Nelson
101209,Devin Green
101211,Stephen Graham
101212,Esteban Batista
101213,Sharrod Ford
101214,Jawad Williams
101215,Will Conroy
101216,Marcus Campbell
101217,D'or Fischer
101219,Anthony Grundy
101223,Aaron Miles
101224,Deji Akindele
101225,Justin Davis
101226,Matt Nelson
101227,Kennedy Winston
101228,Kyle Bailey
101230,Noel Felix
101232,Roger Powell
101235,Kelenna Azubuike
101236,Chuck Hayes
101238,Boniface Ndong
101239,Otis George
101240,Kevin Braswell
101242,Jason Capel
101243,Chris Alexander
101245,Filiberto Rivera
101247,Keith Langford
101249,John Lucas III
101250,Adam Chubb
101251,Ricky Shields
101252,Sean Banks
101253,Olu Famutimi
101254,Herve Lamizana
101255,Steve Castleberry
101256,Anthony Lever-Pedroza
101257,Eric Sandrin
101258,Corey Williams
101259,Toree Morris
101260,Bryant Matthews
101261,Andre Owens
101262,Cory Violette
162777,Georges Niang
200081,Jamario Moon
200390,Cheyne Gadson
200510,Charles Gaines
200517,Joe Shipp
200555,TJ Cummings
200557,Chet Mason
200575,Romel Beck
200583,Brandon Robinson
200745,Andrea Bargnani
200746,LaMarcus Aldridge
200747,Adam Morrison
200748,Tyrus Thomas
200749,Shelden Williams
200750,Brandon Roy
200751,Randy Foye
200752,Rudy Gay
200753,Patrick O'Bryant
200754,Mouhamed Sene
200755,JJ Redick
200756,Hilton Armstrong
200757,Thabo Sefolosha
200758,Ronnie Brewer
200759,Cedric Simmons
200760,Rodney Carney
200761,Shawne Williams
200762,Oleksiy Pecherov
200763,Quincy Douby
200764,Renaldo Balkman
200765,Rajon Rondo
200766,Marcus Williams
200767,Josh Boone
200768,Kyle Lowry
200769,Shannon Brown
200770,Jordan Farmar
200771,Sergio Rodriguez
200772,Maurice Ager
200776,Mardy Collins
200777,Joel Freeland
200778,James White
200779,Steve Novak
200780,Solomon Jones
200781,Paul Davis
200782,P.J. Tucker
200783,Craig Smith
200784,Bobby Jones
200785,Kosta Perovic
200786,David Noel
200787,Denham Brown
200788,James Augustine
200789,Daniel Gibson
200790,Marcus Vinicius
200792,Alexander Johnson
200793,Dee Brown
200794,Paul Millsap
200796,Leon Powe
200797,Ryan Hollins
200798,Cheikh Samb
200799,Guillermo Diaz
200801,Hassan Adams
200805,JR Pinnock
200806,Damir Markota
200807,Will Blalock
200809,Chris Quinn
200810,Allan Ray
200811,Lou Amundson
200812,Daniel Horton
200813,Vincent Grier
200814,Tarence Kinsey
200815,Jamar Smith
200816,Jorge Garbajosa
200817,Pooh Jeter
200818,Justin Williams
200819,Kevin Pittsnogle
200821,Yakhouba Diawara
200822,Pops Mensah-Bonsu
200823,Robert Hite
200825,Matt Haryasz
200826,J.J. Barea
200827,Darius Washington
200828,Pat Carroll
200829,Ivan McFarlin
200830,Charles Lee
200835,Walter Herrmann
200836,Akin Akingbala
200837,Mike Hall
200838,Kevinn Pinkney
200839,Mike Harris
200840,Chris McCray
200841,Cedric Bozeman
200842,Rob Griffin
200843,LaVell Blanchard
200844,Davin White
200845,Dawan Robinson
200846,Kenny Adeleke
200847,Brandon Bowman
200848,Steven Smith
200849,Jackie Manuel
200852,Antoine Hood
200853,Ondrej Starosta
200856,Brian Chase
200857,Elton Brown
200858,Milone Clark
200859,Paul Miller
200862,Scooter McFadgon
200863,Tyrone Ellis
200894,Isma'il Muhammad
200918,Rod Benson
200951,Chris Ellis
200962,Justin Williams
200970,Renaldo Major
200971,Dontell Jefferson
200978,Jeremy Richardson
200984,Lance Allred
201001,Andre Patterson
201005,Andre Brown
201015,Antywane Robinson
201019,Gerry McNamara
201041,Walker Russell
201043,Randolph Morris
201141,Greg Oden
201142,Kevin Durant
201143,Al Horford
201144,Mike Conley
201145,Jeff Green
201146,Yi Jianlian
201147,Corey Brewer
201148,Brandan Wright
201149,Joakim Noah
201150,Spencer Hawes
201151,Acie Law
201152,Thaddeus Young
201153,Julian Wright
201154,Al Thornton
201155,Rodney Stuckey
201156,Nick Young
201157,Sean Williams
201158,Marco Belinelli
201159,Javaris Crittenton
201160,Jason Smith
201161,Daequan Cook
201162,Jared Dudley
201163,Wilson Chandler
201164,Rudy Fernandez
201165,Morris Almond
201166,Aaron Brooks
201167,Arron Afflalo
201168,Tiago Splitter
201169,Alando Tucker
201171,Carl Landry
201172,Gabe Pruitt
201173,Marcus Williams
201174,Nick Fazekas
201175,Glen Davis
201176,Jermareo Davidson
201177,Josh McRoberts
201178,Kyrylo Fesenko
201180,Sun Sun
201181,Chris Richard
201182,Derrick Byars
201183,Adam Haluska
201184,Reyshawn Terry
201185,Jared Jordan
201186,Stephane Lasme
201187,Dominic McGuire
201188,Marc Gasol
201189,Aaron Gray
201191,JamesOn Curry
201192,Taurean Green
201193,Demetris Nichols
201195,Herbert Hill
201196,Ramon Sessions
201197,Sammy Mejia
201199,DJ Strawberry
201201,Marcus Slaughter
201202,Joel Anthony
201203,Mustafa Shakur
201204,Brandon Wallace
201207,Coby Karl
201208,Darryl Watkins
201213,Larry Turner
201225,Carlos Powell
201226,Kevin Kruger
201227,Torrell Martin
201228,C.J. Watson
201229,Anthony Tolliver
201230,Doug Thomas
201231,Nik Caner-Medley
201232,Jared Newson
201234,Trey Johnson
201235,Courtney Sims
201236,Lukasz Obrzut
201237,Brent Petway
201238,Mario West
201239,Rashid Byrd
201240,Brad Stricker
201242,Thomas Gardner
201243,Jared Homan
201248,Anthony Richardson
201249,Jamaal Tatum
201251,Jamon Lucas
201252,Willie Deane
201266,Brian Hamilton
201274,Ivan Johnson
201281,Andre Ingram
201286,Eric Dawson
201291,Carldell Johnson
201336,Blake Ahearn
201342,Gabe Muoneke
201351,Ron Howard
201446,Mike Taylor
201563,Michael Beasley
201564,O.J. Mayo
201565,Derrick Rose
201566,Russell Westbrook
201567,Kevin Love
201568,Danilo Gallinari
201569,Eric Gordon
201570,Joe Alexander
201571,D.J. Augustin
201572,Brook Lopez
201573,Jerryd Bayless
201574,Jason Thompson
201575,Brandon Rush
201576,Anthony Randolph
201577,Robin Lopez
201578,Marreese Speights
201579,Roy Hibbert
201580,JaVale McGee
201581,JJ Hickson
201582,Alexis Ajinca
201583,Ryan Anderson
201584,Courtney Lee
201585,Kosta Koufos
201586,Serge Ibaka
201587,Nicolas Batum
201588,George Hill
201589,Darrell Arthur
201590,Donte Greene
201591,DJ White
201592,J.R. Giddens
201593,Nikola Pekovic
201594,Walter Sharpe
201595,Joey Dorsey
201596,Mario Chalmers
201599,DeAndre Jordan
201600,Omer Asik
201601,Luc Mbah a Moute
201602,Kyle Weaver
201603,Sonny Weems
201604,Chris Douglas-Roberts
201605,Nathan Jawai
201606,Sean Singletary
201607,Patrick Ewing
201609,Goran Dragic
201610,Trent Plaisted
201611,Henry Walker
201612,Malik Hairston
201613,Richard Hendrix
201616,Darnell Jackson
201619,Sasha Kaun
201620,James Gist
201621,Joe Crawford
201622,Deron Washington
201623,Semih Erden
201624,David Padgett
201627,Anthony Morrow
201628,Bobby Brown
201629,Othello Hunter
201630,Dion Dowell
201631,Steven Hill
201632,Hamed Haddadi
201633,Rob Kurz
201634,DeMarcus Nelson
201635,Brandon Heath
201636,CJ Giles
201641,Curtis Sumpter
201642,Taj McCullough
201643,Dan Grunfeld
201644,Omar Barlett
201645,Tre Kelley
201646,Brian Hamilton
201647,Marcus Hubbard
201648,Frank Robinson
201649,Vernon Hamilton
201650,JaJuan Smith
201651,James Mays
201652,Charles Rhodes
201653,Coleman Collins
201654,Kai Zhang
201657,Gerry McNamara
201776,David Monds
201781,Russell Robinson
201785,Othyus Jeffers
201792,Moses Ehambe
201802,Oliver Lafayette
201805,Chris Hunter
201814,Gary Forbes
201820,Josh Davis
201821,Trey Gilder
201831,Lanny Smith
201834,Bennet Davis
201848,Longar Longar
201858,Cartier Martin
201880,Greg Stiemsma
201933,Blake Griffin
201934,Hasheem Thabeet
201935,James Harden
201936,Tyreke Evans
201937,Ricky Rubio
201938,Jonny Flynn
201939,Stephen Curry
201941,Jordan Hill
201942,DeMar DeRozan
201943,Brandon Jennings
201944,Terrence Williams
201945,Gerald Henderson
201946,Tyler Hansbrough
201947,Earl Clark
201948,Austin Daye
201949,James Johnson
201950,Jrue Holiday
201951,Ty Lawson
201952,Jeff Teague
201953,Eric Maynor
201954,Darren Collison
201956,Omri Casspi
201957,Byron Mullens
201958,Rodrigue Beaubois
201959,Taj Gibson
201960,DeMarre Carroll
201961,Wayne Ellington
201962,Toney Douglas
201963,Christian Eyenga
201964,Victor Claver
201965,Jeff Ayres
201966,Jermaine Taylor
201967,Dante Cunningham
201969,DaJuan Summers
201970,Sam Young
201971,DeJuan Blair
201972,Jon Brockman
201973,Jonas Jerebko
201974,Derrick Brown
201975,Jodie Meeks
201976,Patrick Beverley
201977,Marcus Thornton
201978,Chase Budinger
201979,Nick Calathes
201980,Danny Green
201981,Taylor Griffin
201983,Goran Suton
201985,AJ Price
201986,Nando De Colo
201988,Patty Mills
201991,Lester Hudson
201993,Robert Dozier
201998,Curtis Jerrells
201999,Warren Carter
202065,Shaun Pruitt
202066,Garrett Temple
202067,Diamon Simpson
202068,Marcus Landry
202069,Dontaye Draper
202070,Tony Gaffney
202071,Michael Fey
202074,Raymond Sykes
202075,Luke Nevill
202076,Thomas Kelati
202077,Jerel McNeal
202078,Leon Rodgers
202079,Antonio Anderson
202081,Garret Siler
202082,Larry Owens
202083,Wesley Matthews
202087,Alonzo Gee
202091,Dionte Christmas
202130,Reggie Williams
202132,Cedric Jackson
202148,Mickell Gladness
202175,Darnell Lazare
202178,Sundiata Gaines
202197,Shane Edwards
202213,Connor Atchley
202217,Jeremy Wise
202220,Zabian Dowdell
202221,Brian Butch
202227,Terrel Harris
202238,Kenny Hasbrouck
202322,John Wall
202323,Evan Turner
202324,Derrick Favors
202325,Wesley Johnson
202326,DeMarcus Cousins
202327,Ekpe Udoh
202328,Greg Monroe
202329,Al-Farouq Aminu
202330,Gordon Hayward
202331,Paul George
202332,Cole Aldrich
202333,Xavier Henry
202334,Ed Davis
202335,Patrick Patterson
202336,Larry Sanders
202337,Luke Babbitt
202338,Kevin Seraphin
202339,Eric Bledsoe
202340,Avery Bradley
202341,James Anderson
202342,Craig Brackins
202343,Elliot Williams
202344,Trevor Booker
202345,Damion James
202346,Dominique Jones
202347,Quincy Pondexter
202348,Jordan Crawford
202349,Greivis Vasquez
202350,Daniel Orton
202351,Lazar Hayward
202353,Tibor Pleiss
202354,Dexter Pittman
202355,Hassan Whiteside
202356,Armon Johnson
202357,Nemanja Bjelica
202358,Terrico White
202359,Darington Hobson
202360,Andy Rautins
202361,Landry Fields
202362,Lance Stephenson
202363,Jarvis Varnado
202365,Devin Ebanks
202366,Jerome Jordan
202371,Gani Lawal
202374,Solomon Alabi
202375,Magnum Rolle
202376,Luke Harangody
202377,Pape Sy
202378,Willie Warren
202379,Jeremy Evans
202380,Hamady Ndiaye
202382,Derrick Caracter
202383,Stanley Robinson
202385,Ryan Reid
202386,Ben Uzoh
202388,Donald Sloan
202389,Timofey Mozgov
202390,Gary Neal
202391,Jeremy Lin
202392,Marqus Blakely
202393,Vernon Goodridge
202394,Matt Janning
202395,Sherron Collins
202396,Samardo Samuels
202397,Ish Smith
202399,Jeff Adrien
202400,Anthony Mason
202402,Kevin Palmer
202404,Drew Naymick
202406,Jerome Dyson
202407,Elijah Millsap
202408,Marcus Cousin
202409,Ricardo Marsh
202410,Evan Brock
202411,Richard Delk
202412,Manny Harris
202416,Jon Scheyer
202417,Stephen Dennis
202418,Matt Rogers
202419,Chris Johnson
202420,Eric Boateng
202421,Ryan Thompson
202423,Chris Kramer
202446,Jamar Smith
202458,Justin Dentmon
202464,Devin Sweetney
202498,Lance Thomas
202513,Stefhon Hannah
202518,Kammron Taylor
202536,Jerry Smith
202545,Luke Zeller
202550,Josh Bostic
202586,DeShawn Sims
202620,Arinze Onuaku
202622,Courtney Fortson
202681,Kyrie Irving
202682,Derrick Williams
202683,Enes Kanter
202684,Tristan Thompson
202685,Jonas Valanciunas
202686,Jan Vesely
202687,Bismack Biyombo
202688,Brandon Knight
202689,Kemba Walker
202690,Jimmer Fredette
202691,Klay Thompson
202692,Alec Burks
202693,Markieff Morris
202694,Marcus Morris Sr.
202695,Kawhi Leonard
202696,Nikola Vucevic
202697,Iman Shumpert
202698,Chris Singleton
202699,Tobias Harris
202700,Donatas Motiejunas
202701,Nolan Smith
202702,Kenneth Faried
202703,Nikola Mirotic
202704,Reggie Jackson
202705,MarShon Brooks
202706,Jordan Hamilton
202707,JaJuan Johnson
202708,Norris Cole
202709,Cory Joseph
202710,Jimmy Butler
202711,Bojan Bogdanovic
202712,Justin Harper
202713,Kyle Singler
202714,Shelvin Mack
202715,Tyler Honeycutt
202716,Jordan Williams
202717,Trey Thompkins
202718,Chandler Parsons
202719,Jeremy Tyler
202720,Jon Leuer
202721,Darius Morris
202722,Davis Bertans
202723,Malcolm Lee
202724,Charles Jenkins
202725,Josh Harrellson
202726,Andrew Goudelock
202727,Travis Leslie
202728,Keith Benson
202729,Josh Selby
202730,Lavoy Allen
202731,Vernon Macklin
202732,DeAndre Liggins
202734,E'Twaun Moore
202738,Isaiah Thomas
202770,Tristan Thompson
202775,Edwin Ubiles
202779,Dwight Buycks
202792,Tyren Johnson
202797,Lawrence Hill
202808,Chris Daniels
202809,Cory Higgins
202810,D.J. Kennedy
202814,Mychel Thompson
202815,Jake Anderson
202820,Jarrid Famous
202841,Cameron Jones
202862,Dennis Horner
202872,Durrell Summers
202874,Chris Wright
202880,Jeff Foote
202904,Gilbert Brown
202912,Frank Hassell
202918,Xavier Silas
202933,Julyan Stone
202935,Adrian Oliver
202951,Jeremy Pargo
202952,Malcolm Thomas
202954,Brad Wanamaker
202956,Gary Flowers
202957,Drew Neitzel
202959,Tommy Mitchell
202961,Julian Khazzouh
202962,Greg Smith
202963,Jerome Randle
202970,Gustavo Ayon
203006,Josh Akognon
203076,Anthony Davis
203077,Michael Kidd-Gilchrist
203078,Bradley Beal
203079,Dion Waiters
203080,Thomas Robinson
203081,Damian Lillard
203082,Terrence Ross
203083,Andre Drummond
203084,Harrison Barnes
203085,Austin Rivers
203086,Meyers Leonard
203087,Jeremy Lamb
203088,Kendall Marshall
203089,John Henson
203090,Maurice Harkless
203091,Royce White
203092,Tyler Zeller
203093,Terrence Jones
203094,Andrew Nicholson
203095,Evan Fournier
203096,Jared Sullinger
203097,Fab Melo
203098,John Jenkins
203099,Jared Cunningham
203100,Tony Wroten
203101,Miles Plumlee
203102,Arnett Moultrie
203103,Perry Jones III
203104,Marquis Teague
203105,Festus Ezeli
203106,Jeffery Taylor
203107,Tomas Satoransky
203108,Bernard James
203109,Jae Crowder
203110,Draymond Green
203111,Orlando Johnson
203112,Quincy Acy
203113,Quincy Miller
203114,Khris Middleton
203115,Will Barton
203116,Tyshawn Taylor
203117,Doron Lamb
203118,Mike Scott
203119,Kim English
203120,Justin Hamilton
203121,Darius Miller
203122,Kevin Murphy
203123,Kostas Papanikolaou
203124,Kyle O'Quinn
203126,Kris Joseph
203128,Furkan Aldemir
203129,Tornike Shengelia
203130,Darius Johnson-Odom
203133,Robbie Hummel
203135,Robert Sacre
203136,Ognjen Kuzmic
203138,Hollis Thompson
203139,Viacheslav Kravtsov
203141,Mirza Teletovic
203142,Chris Copeland
203143,Pablo Prigioni
203144,Alexey Shved
203145,Kent Bazemore
203146,Maalik Wayns
203147,Chris Smith
203148,Brian Roberts
203149,Micheal Eric
203153,Reeves Nelson
203154,Greg Somogyi
203155,Oscar Bellfield
203156,Henry Sims
203157,John Shurna
203158,Kevin Jones
203159,Scott Machado
203160,Steven Gray
203162,Ben Hansbrough
203163,Carleton Scott
203164,Lance Goulbourne
203174,Tyler Wilkerson
203176,Kyle Fogg
203178,Wesley Witherspoon
203180,Hank Thorns
203183,Tony Mitchell
203185,Carlon Brown
203186,Willie Reed
203187,Chris Johnson
203190,Micah Downs
203191,Josh Akognon
203192,Demonte Harper
203193,Dallas Lauderdale
203195,Michael Dunigan
203196,Ronnie Aguilar
203197,Diante Garrett
203198,Kevin Anderson
203199,DeQuan Jones
203200,Justin Holiday
203201,Mustapha Farrakhan
203203,Chris Wright
203204,Devin Searcy
203206,Ryan Allen
203210,JaMychal Green
203262,Mac Koshwal
203263,James Nunnally
203268,Jorge Gutierrez
203315,Toure' Murry
203317,Tim Ohlbrecht
203318,Glen Rice
203327,Daniel Nwaelele
203382,Aron Baynes
203457,Nerlens Noel
203458,Alex Len
203459,Allen Crabbe
203460,Andre Roberson
203461,Anthony Bennett
203462,Archie Goodwin
203463,Ben McLemore
203464,Brandon Paul
203466,CJ Leslie
203467,Carrick Felix
203468,CJ McCollum
203469,Cody Zeller
203471,Dennis Schroder
203472,Deshaun Thomas
203473,Dewayne Dedmon
203474,DJ Stephens
203475,Erick Green
203476,Gorgui Dieng
203477,Isaiah Canaan
203479,Jamaal Franklin
203480,James Southerland
203481,Jeff Withey
203482,Kelly Olynyk
203483,Kenny Kadji
203484,Kentavious Caldwell-Pope
203485,Lorenzo Brown
203486,Mason Plumlee
203487,Michael Carter-Williams
203488,Mike Muscala
203489,Nate Wolters
203490,Otto Porter Jr.
203491,Peyton Siva
203492,Ray McCallum
203493,Reggie Bullock
203494,Richard Howell
203495,Ricky Ledo
203496,Robert Covington
203497,Rudy Gobert
203498,Shabazz Muhammad
203499,Shane Larkin
203500,Steven Adams
203501,Tim Hardaway Jr.
203502,Tony Mitchell
203503,Tony Snell
203504,Trey Burke
203505,Vander Blue
203506,Victor Oladipo
203507,Giannis Antetokounmpo
203508,Sergey Karasev
203509,Myck Kabongo
203510,Pierre Jackson
203511,Grant Jerrett
203512,Lucas Nogueira
203513,Erik Murphy
203515,Phil Pressey
203516,James Ennis III
203517,Nemanja Nedovic
203518,Alex Abrines
203519,Adonis Thomas
203520,Livio Jean-Charles
203521,Matthew Dellavedova
203524,Solomon Hill
203526,Raul Neto
203527,Ryan Kelly
203528,Romero Osby
203529,Arsalan Kazemi
203530,Joffrey Lauvergne
203539,Gal Mekel
203540,Gigi Datome
203543,Vitor Faverani
203544,Pero Antic
203545,Miroslav Raduljica
203546,Ian Clark
203547,Eric Griffin
203548,Elias Harris
203551,Dee Bost
203552,Seth Curry
203556,Trent Lockett
203558,David Lighty
203560,E.J. Singler
203561,Brandon Davies
203564,Kalin Lucas
203565,Patrick Christopher
203566,Mickey McConnell
203568,Damen Bell-Holter
203569,Chris Babb
203576,Rodney Williams
203577,Carlos Morais
203579,Khalif Wyatt
203580,Larry Drew II
203583,Abdul Gaddy
203584,Troy Daniels
203585,Rodney McGruder
203586,Charlie Westbrook
203587,Courtney Fells
203588,Michael Lee
203589,Olek Czyz
203590,Trey McKinney-Jones
203613,Jonathon Simmons
203629,Garlon Green
203648,Thanasis Antetokounmpo
203658,Norvel Pelle
203687,Reggie Hearn
203705,Josh Magette
203710,C.J. Williams
203798,PJ Hairston
203805,Will Cherry
203810,Casper Ware
203816,Scotty Hopson
203893,Russ Smith
203894,Shabazz Napier
203895,Jordan McRae
203897,Zach LaVine
203898,Tyler Ennis
203900,Markel Brown
203901,Elfrid Payton
203902,Semaj Christon
203903,Jordan Clarkson
203905,Aaron Craft
203906,Devyn Marble
203907,Deonte Burton
203909,KJ McDaniels
203910,Nick Johnson
203912,C.J. Wilcox
203913,Jabari Brown
203914,Gary Harris
203915,Spencer Dinwiddie
203917,Nik Stauskas
203918,Rodney Hood
203919,Jordan Adams
203920,Khem Birch
203921,Cleanthony Early
203922,Glenn Robinson III
203923,James Young
203924,Jerami Grant
203925,Joe Harris
203926,Doug McDermott
203927,CJ Fair
203928,Cory Jefferson
203929,Melvin Ejim
203930,Sean Kilpatrick
203932,Aaron Gordon
203933,T.J. Warren
203934,Lamar Patterson
203935,Marcus Smart
203937,Kyle Anderson
203939,Dwight Powell
203940,Adreian Payne
203942,Patric Young
203943,Noah Vonleh
203944,Julius Randle
203945,Alex Kirk
203946,Cameron Bairstow
203947,Jordan Bachynski
203948,Johnny O'Bryant III
203949,James Michael McAdoo
203950,Jarnell Stokes
203951,Keith Appling
203952,Andrew Wiggins
203953,Jabari Parker
203954,Joel Embiid
203955,Bryce Cotton
203956,Mitch McGary
203957,Dante Exum
203958,Andre Dawkins
203959,Scottie Wilbekin
203960,JaKarr Sampson
203961,Eric Moreland
203962,Josh Huestis
203963,Shayne Whittington
203964,Roscoe Smith
203965,Justin Cobbs
203966,Jamil Wilson
203967,Dario Saric
203968,Jerrelle Benimon
203990,Drew Crawford
203991,Clint Capela
203992,Bogdan Bogdanovic
203994,Jusuf Nurkic
203996,Damien Inglis
203998,Bruno Caboclo
203999,Nikola Jokic
204001,Kristaps Porzingis
204002,Edy Tavares
204014,Damjan Rudez
204020,Tyler Johnson
204021,Sim Bhullar
204022,Jack Cooley
204024,Christian Watford
204025,Tim Frazier
204026,Brock Motum
204027,Josh Davis
204028,Tarik Black
204029,Brady Heslip
204030,Mitchell Watt
204033,David Wear
204034,Luke Hancock
204037,Travis Wear
204038,Langston Galloway
204039,Chris Crawford
204040,Ronald Roberts Jr.
204041,Brian Qvale
204044,Orlando Sanchez
204053,Shawn Jones
204054,Zoran Dragic
204060,Joe Ingles
204061,Joe Jackson
204062,Casey Prather
204063,Kadeem Batts
204064,Akil Mitchell
204065,David Stockton
204066,John Holland
204067,Jarell Eddie
204071,Stephen Holt
204075,Talib Zanna
204076,Richard Solomon
204077,Michael Jenkins
204078,Yuki Togashi
204079,Drew Gordon
204080,Geron Johnson
204098,Xavier Munford
204136,Marcus Simmons
204179,Omari Johnson
204189,Jaron Johnson
204192,Raphiael Putney
204215,Bubu Palo
204222,Greg Whittington
204289,Nick Wiggins
204310,Davion Berry
204456,T.J. McConnell
500032,Wesley Matthews
1626143,Jahlil Okafor
1626144,Emmanuel Mudiay
1626145,Tyus Jones
1626146,Cliff Alexander
1626147,Justin Anderson
1626148,Anthony Brown
1626149,Montrezl Harrell
1626150,Andrew Harrison
1626151,Aaron Harrison
1626153,Delon Wright
1626154,RJ Hunter
1626155,Sam Dekker
1626156,D'Angelo Russell
1626157,Karl-Anthony Towns
1626158,Richaun Holmes
1626159,Justise Winslow
1626160,JP Tokoto
1626161,Willie Cauley-Stein
1626162,Kelly Oubre Jr.
1626163,Frank Kaminsky
1626164,Devin Booker
1626165,Brandon Ashley
1626166,Cameron Payne
1626167,Myles Turner
1626168,Trey Lyles
1626169,Stanley Johnson
1626170,Jerian Grant
1626171,Bobby Portis
1626172,Kevon Looney
1626173,Rashad Vaughn
1626174,Christian Wood
1626175,Jordan Mickey
1626176,Rakeem Christmas
1626177,Dakari Johnson
1626178,Rondae Hollis-Jefferson
1626179,Terry Rozier
1626180,Michael Qualls
1626181,Norman Powell
1626182,Jonathan Holmes
1626183,Branden Dawson
1626184,Chasson Randle
1626185,Jarell Martin
1626186,Corey Hawkins
1626187,Michael Frazier
1626188,Quinn Cook
1626189,Terran Petteway
1626190,Dez Wells
1626191,Chris McCullough
1626192,Pat Connaughton
1626193,Robert Upshaw
1626195,Willy Hernangomez
1626196,Josh Richardson
1626199,Darrun Hilliard
1626201,Wesley Saunders
1626202,Joe Young
1626203,Treveon Graham
1626204,Larry Nance Jr.
1626205,Vincent Hunter
1626207,Ryan Boatright
1626208,Keifer Sykes
1626209,Mario Hezonja
1626210,Alan Williams
1626213,Yanick Moreira
1626214,Bryce Dejean-Jones
1626217,Chris Walker
1626218,Sir'Dominic Pointer
1626219,Juwan Staten
1626220,Royce O'Neale
1626224,Cedi Osman
1626242,Luis Montero
1626245,Cristiano Felicio
1626246,Boban Marjanovic
1626251,Duje Dukan
1626252,Michale Kyser
1626253,Axel Toupane
1626254,Maurice Ndour
1626257,Salah Mejri
1626258,Corey Walden
1626259,Malcolm Miller
1626260,Levi Randolph
1626261,Michael Holyfield
1626262,Coty Clarke
1626263,Shannon Scott
1626266,JJ O'Brien
1626269,Denzel Livingston
1626270,Will Cummings
1626271,Kyle Casey
1626272,Lazeric Jones
1626273,Marcelo Huertas
1626275,Travis Trice II
1626276,Darion Atkins
1626279,Jason Washburn
1626280,Sam Thompson
1626281,Jon Horford
1626285,Kleon Penn
1626288,Joshua Smith
1626289,Marshall Henderson
1626290,Corey Webster
1626293,Edgar Sosa
1626294,Jaleel Roberts
1626295,Nnanna Egwu
1626296,Jordan Sibert
1626304,Youssou Ndoye
1626305,Nick Minnerath
1626643,Jacob Pullen
1626780,Jonathan Gibson
1627098,Malcolm Delaney
1627215,Walt Lemon Jr.
1627224,Chris Udofia
1627258,Sampson Carter
1627292,Kadeem Jack
1627293,Alex Stepheson
1627322,Bo McCalebb
1627362,Briante Weber
1627395,Julian Washburn
1627496,Derek Cooke Jr.
1627732,Ben Simmons
1627733,Dragan Bender
1627734,Domantas Sabonis
1627735,Wade Baldwin IV
1627736,Malik Beasley
1627737,Marquese Chriss
1627738,Deyonta Davis
1627739,Kris Dunn
1627740,Henry Ellenson
1627741,Buddy Hield
1627742,Brandon Ingram
1627743,Demetrius Jackson
1627744,Brice Johnson
1627745,Damian Jones
1627746,Skal Labissiere
1627747,Caris LeVert
1627748,Thon Maker
1627749,Dejounte Murray
1627750,Jamal Murray
1627751,Jakob Poeltl
1627752,Taurean Prince
1627753,Zhou Qi
1627754,Diamond Stone
1627755,Tyler Ulis
1627756,Denzel Valentine
1627757,Stephen Zimmerman
1627758,Ron Baker
1627759,Jaylen Brown
1627760,Cat Barber
1627761,DeAndre' Bembry
1627762,Joel Bolomboy
1627763,Malcolm Brogdon
1627765,Elgin Cook
1627766,Isaiah Cousins
1627767,Cheick Diallo
1627768,Perry Ellis
1627770,Kay Felder
1627771,Michael Gbinije
1627772,Daniel Hamilton
1627773,AJ Hammons
1627774,Jake Layman
1627775,Patrick McCaw
1627776,Isaiah Miles
1627777,Georges Niang
1627778,Chinanu Onuaku
1627779,Marcus Paige
1627780,Gary Payton II
1627781,Malachi Richardson
1627782,Wayne Selden
1627783,Pascal Siakam
1627784,Jarrod Uthoff
1627785,Isaiah Whitehead
1627786,Troy Williams
1627787,Kyle Wiltjer
1627788,Furkan Korkmaz
1627789,Timothe Luwawu-Cabarrot
1627790,Ante Zizic
1627791,Ben Bentil
1627811,Zach Auguste
1627812,Yogi Ferrell
1627814,Damion Lee
1627815,Sheldon Mac
1627816,Alex Poythress
1627817,Tim Quarterman
1627818,Kaleb Tarczewski
1627819,Isaiah Taylor
1627820,Tyrone Wallace
1627821,James Webb III
1627822,Petr Cornelie
1627823,Juancho Hernangomez
1627824,Guerschon Yabusele
1627825,Rade Zagorac
1627826,Ivica Zubac
1627827,Dorian Finney-Smith
1627829,Julian Jacobs
1627832,Fred VanVleet
1627834,Georgios Papagiannis
1627835,Paul Zipser
1627836,Gracin Bakumanya
1627841,Stefan Jankovic
1627843,Thomas Walkup
1627846,Abdel Nader
1627848,Shawn Long
1627849,Daniel Ochefu
1627850,Marshall Plumlee
1627851,Mindaugas Kuzminskas
1627852,Nicolas Brussino
1627853,Ryan Arcidiacono
1627854,Bryn Forbes
1627855,Okaro White
1627856,Matt Costello
1627858,Kyle Collinsworth
1627861,Mike Tobey
1627862,Beau Beech
1627863,Danuel House Jr.
1627865,Egidijus Mockevicius
1627866,Jameel Warney
1627867,Keith Hornsby
1627868,Patricio Garino
1627873,Shawn Dawson
1627875,Marcus Georges-Hunt
1627878,Nick Zeisloft
1627879,Nicolas Laprovittola
1627880,Quincy Ford
1627881,Rasheed Sulaimon
1627882,Andrew Andrews
1627883,Jalen Jones
1627884,Derrick Jones Jr.
1627885,Shaquille Harrison
1627886,D'Vauntes Smith-Rivera
1627887,Trey Freeman
1627888,Nikola Jovanovic
1627902,Jaleel Cousins
1627936,Alex Caruso
1627938,J.J. Avila
1627954,Scott Wood
1627982,Josh Gray
1627988,Myke Henry
1628021,David Nwaba
1628035,Alfonzo McKinnie
1628041,Vashil Fernandez
1628070,Jordan Loyd
1628174,Alex Hamilton
1628176,LaDontae Henton
1628221,Gabe York
1628238,Paris Bass
1628241,Devin Williams
1628249,Mitchell Creek
1628365,Markelle Fultz
1628366,Lonzo Ball
1628367,Josh Jackson
1628368,De'Aaron Fox
1628369,Jayson Tatum
1628370,Malik Monk
1628371,Jonathan Isaac
1628372,Dennis Smith Jr.
1628373,Frank Ntilikina
1628374,Lauri Markkanen
1628378,Donovan Mitchell
1628379,Luke Kennard
1628380,Zach Collins
1628381,John Collins
1628382,Justin Jackson
1628383,Justin Patton
1628384,OG Anunoby
1628385,Harry Giles III
1628386,Jarrett Allen
1628387,Ike Anigbogu
1628388,TJ Leaf
1628389,Bam Adebayo
1628390,Terrance Ferguson
1628391,D.J. Wilson
1628392,Isaiah Hartenstein
1628393,Jawun Evans
1628394,Anzejs Pasecniks
1628395,Jordan Bell
1628396,Tony Bradley
1628397,Ivan Rabb
1628398,Kyle Kuzma
1628399,Tyler Lydon
1628400,Semi Ojeleye
1628401,Derrick White
1628402,Frank Jackson
1628403,Caleb Swanigan
1628404,Josh Hart
1628405,Johnathan Motley
1628407,Dwayne Bacon
1628408,PJ Dozier
1628409,Alec Peters
1628410,Edmond Sumner
1628411,Wes Iwundu
1628412,Frank Mason
1628413,Jonah Bolden
1628414,Sindarius Thornwell
1628415,Dillon Brooks
1628416,Tyler Dorsey
1628417,Jaron Blossomgame
1628418,Thomas Bryant
1628419,Cameron Oliver
1628420,Monte Morris
1628421,Devin Robinson
1628422,Damyean Dotson
1628424,Kobi Simmons
1628425,Sterling Brown
1628427,Vlatko Cancar
1628429,Charles Cooke
1628430,Nigel Williams-Goss
1628431,V.J. Beachem
1628432,Davon Reed
1628433,L.J. Peak
1628436,Luke Kornet
1628437,George de Paula
1628439,Isaiah Hicks
1628443,Kadeem Allen
1628444,Jabari Bird
1628448,Kavell Bigby-Williams
1628449,Chris Boucher
1628450,Eric Mika
1628451,Jacob Wiley
1628452,Kennedy Meeks
1628453,Melo Trimble
1628454,Mike Young
1628455,Mike James
1628456,Jeremy Morgan
1628460,Bronson Koenig
1628462,Milos Teodosic
1628463,Tyler Cavanaugh
1628464,Daniel Theis
1628467,Maxi Kleber
1628469,Antonio Blakeney
1628470,Torrey Craig
1628473,Yakuba Ouattara
1628475,Matt Williams Jr.
1628476,Derrick Walton Jr.
1628477,Landry Nnoko
1628491,Derek Willis
1628492,Gian Clavell
1628493,Mangok Mathiang
1628494,T.J. Williams
1628495,Milton Doyle
1628496,Jeremy Senglin
1628499,Antonius Cleveland
1628500,Ben Moore
1628502,Nigel Hayes
1628503,Jamel Artis
1628504,Xavier Rathan-Mayes
1628505,Troy Caupain
1628506,London Perrantes
1628510,Andrew White III
1628511,James Blackmon Jr.
1628512,Matt Jones
1628513,Naz Mitrou-Long
1628514,Peter Jok
1628515,Isaiah Briscoe
1628516,Terry Henderson
1628517,Luke Petrasek
1628518,Amile Jefferson
1628528,Ike Iroegbu
1628535,Jordan Mathews
1628537,Jaylen Morris
1628539,Mychal Mulder
1628554,Isaac Hamilton
1628571,Erik McCree
1628575,Jaylen Johnson
1628576,Bryce Alford
1628577,Rashawn Thomas
1628578,Amida Brimah
1628579,Taylor Braun
1628591,Craig Sword
1628605,Dusty Hannahs
1628610,Cody Demps
1628656,Billy Garrett
1628677,Durand Scott
1628679,Daniel Dixon
1628680,Torian Graham
1628681,Rodney Purvis
1628769,Tahjere McCall
1628778,Paul Watson
1628935,Aaron Jackson
1628959,Rawle Alkins
1628960,Grayson Allen
1628961,Kostas Antetokounmpo
1628962,Udoka Azubuike
1628963,Marvin Bagley III
1628964,Mo Bamba
1628965,Jaylen Barford
1628966,Keita Bates-Diop
1628967,Tyus Battle
1628968,Brian Bowen II
1628969,Mikal Bridges
1628970,Miles Bridges
1628971,Bruce Brown
1628972,Troy Brown Jr.
1628973,Jalen Brunson
1628974,Tony Carr
1628975,Jevon Carter
1628976,Wendell Carter Jr.
1628977,Hamidou Diallo
1628978,Donte DiVincenzo
1628979,Trevon Duval
1628980,Jacob Evans
1628981,Bruno Fernando
1628982,Melvin Frazier Jr.
1628983,Shai Gilgeous-Alexander
1628984,Devonte' Graham
1628985,Devon Hall
1628987,Kevin Hervey
1628988,Aaron Holiday
1628989,Kevin Huerter
1628990,Chandler Hutchison
1628991,Jaren Jackson Jr.
1628993,Alize Johnson
1628994,George King
1628995,Kevin Knox II
1628996,Sagaba Konate
1628997,Caleb Martin
1628998,Cody Martin
1628999,Yante Maten
1629000,Brandon McCoy
1629001,De'Anthony Melton
1629002,Chimezie Metu
1629003,Shake Milton
1629004,Svi Mykhailiuk
1629005,Malik Newman
1629006,Josh Okogie
1629007,Jontay Porter
1629008,Michael Porter Jr.
1629009,Billy Preston
1629010,Jerome Robinson
1629011,Mitchell Robinson
1629012,Collin Sexton
1629013,Landry Shamet
1629014,Anfernee Simons
1629015,Zhaire Smith
1629016,Omari Spellman
1629017,Khyri Thomas
1629018,Gary Trent Jr.
1629019,Allonzo Trier
1629020,Jarred Vanderbilt
1629021,Moritz Wagner
1629022,Lonnie Walker IV
1629023,P.J. Washington
1629026,Kenrich Williams
1629027,Trae Young
1629028,Deandre Ayton
1629029,Luka Doncic
1629033,Theo Pinson
1629034,Ray Spalding
1629035,Carsen Edwards
1629036,Isaac Haas
1629037,Keenan Evans
1629044,Shamorie Ponds
1629045,Bonzie Colson
1629048,Goga Bitadze
1629050,Jeffrey Carroll
1629052,Oshae Brissett
1629053,Vincent Edwards
1629055,Donte Grantham
1629056,Terence Davis
1629057,Robert Williams III
1629058,Dzanan Musa
1629059,Elie Okobo
1629060,Rui Hachimura
1629061,Deng Adel
1629065,Ky Bowman
1629066,Rodions Kurucs
1629067,Isaac Bonga
1629070,Matur Maker
1629071,LiAngelo Ball
1629076,Tyler Cook
1629078,Doral Moore
1629083,Arnoldas Kulboka
1629091,Elijah Bryant
1629093,Tyler Davis
1629094,Marcus Derrickson
1629097,Terry Larrier
1629102,Brandon Sampson
1629103,Kelan Martin
1629109,Gary Clark
1629111,Jock Landale
1629116,Angel Delgado
1629117,Wenyen Gabriel
1629118,Thomas Welsh
1629121,Jaylen Adams
1629122,J.P. Macura
1629123,Jared Terrell
1629126,Deonte Burton
1629129,Trevon Bluiett
1629130,Duncan Robinson
1629131,Jairus Lyles
1629132,Braian Angola-Rodas
1629133,Daryl Macon
1629134,Kendrick Nunn
1629136,Elijah Stewart
1629137,Joel Berry II
1629139,Yuta Watanabe
1629140,Johnathan Williams
1629142,Yanyuhang Ding
1629145,Isaiah Wilkins
1629146,Zach Smith
1629147,Joe Chealey
1629148,Johnny Hamilton
1629149,Codi Miller-McIntyre
1629150,Emanuel Terry
1629151,Ryan Broekhoff
1629152,DeVaughn Akoon-Purcell
1629154,Rob Gray
1629155,Zach Lofton
1629156,Markel Crawford
1629159,Marcus Lee
1629162,Jordan McLaughlin
1629163,Trey Lewis
1629164,Brandon Goodwin
1629165,Nick King
1629166,Jeff Roberson
1629167,Justin Bibbs
1629168,BJ Johnson
1629184,Desi Rodriguez
1629185,Chris Chiozza
1629186,Tiwian Kendley
1629190,C.J. Anderson
1629203,Jemerrio Jones
1629216,Gabe Vincent
1629226,Ismaila Kane
1629232,Kaiser Gates
1629234,Drew Eubanks
1629236,Jonathan Stark
1629244,Cameron Reynolds
1629245,Nuni Omot
1629246,Tyrius Walker
1629260,Tim Bond
1629270,Todd Withers
1629285,Angel Rodriguez
1629305,Marcus Allen
1629308,Juan Toscano-Anderson
1629309,Trayvon Palmer
1629312,Haywood Highsmith
1629346,Alen Smailagic
1629352,Jeffrey Coby
1629353,Isaac Humphries
1629460,Justin Tillman
1629541,Dairis Bertans
1629594,Bennie Boatwright
1629595,Phil Booth
1629596,Bryce Brown
1629597,Zylan Cheatham
1629598,Chris Clemons
1629599,Amir Coffey
1629600,Jarron Cumberland
1629602,Javin DeLaurier
1629603,Mamadi Diakite
1629604,CJ Elleby
1629605,Tacko Fall
1629606,Robert Franks
1629607,Jared Harper
1629608,Dewan Hernandez
1629609,Amir Hinton
1629610,DaQuan Jeffries
1629611,Terance Mann
1629612,Luke Maye
1629614,Andrew Nembhard
1629615,James Palmer Jr.
1629616,Josh Perkins
1629617,Reggie Perry
1629619,Myles Powell
1629620,Justin Robinson
1629621,Marial Shayok
1629622,Max Strus
1629623,Lindell Wigginton
1629624,Kenny Wooten
1629625,Justin Wright-Foreman
1629626,Bol Bol
1629627,Zion Williamson
1629628,RJ Barrett
1629629,Cam Reddish
1629630,Ja Morant
1629631,De'Andre Hunter
1629632,Coby White
1629633,Jarrett Culver
1629634,Brandon Clarke
1629635,Sekou Doumbouya
1629636,Darius Garland
1629637,Jaxson Hayes
1629638,Nickeil Alexander-Walker
1629639,Tyler Herro
1629640,Keldon Johnson
1629641,Romeo Langford
1629642,Nassir Little
1629643,Chuma Okeke
1629644,KZ Okpala
1629645,Kevin Porter Jr.
1629646,Charles Bassey
1629647,Darius Bazley
1629648,Jordan Bone
1629649,Ignas Brazdeikis
1629650,Moses Brown
1629651,Nicolas Claxton
1629652,Luguentz Dort
1629653,Devon Dotson
1629655,Daniel Gafford
1629656,Quentin Grimes
1629657,Kyle Guy
1629658,Jaylen Hoard
1629659,Talen Horton-Tucker
1629660,Ty Jerome
1629661,Cameron Johnson
1629662,Mfiondu Kabengele
1629663,Louis King
1629664,Dedric Lawson
1629665,Jalen Lecque
1629666,Charles Matthews
1629667,Jalen McDaniels
1629668,Zach Norvell Jr.
1629669,Jaylen Nowell
1629670,Jordan Nwora
1629671,Miye Oni
1629672,Eric Paschall
1629673,Jordan Poole
1629674,Neemias Queta
1629675,Naz Reid
1629676,Isaiah Roby
1629677,Luka Samanic
1629678,Admiral Schofield
1629679,Simisola Shittu
1629680,Matisse Thybulle
1629681,Killian Tillie
1629682,Tremont Waters
1629683,Quinndary Weatherspoon
1629684,Grant Williams
1629685,Dylan Windler
1629686,Deividas Sirvydis
1629689,Aric Holman
1629690,Adam Mokoka
1629700,Kaleb Wesson
1629712,Didi Louzada
1629713,Justin James
1629714,Jarrell Brantley
1629715,Javon Bess
1629716,Marques Bolden
1629717,Armoni Brooks
1629718,Charles Brown Jr.
1629719,Devontae Cacok
1629721,JaKeenan Gant
1629722,V.J. King
1629723,John Konchar
1629724,Vic Law
1629725,Jeremiah Martin
1629726,Garrison Mathews
1629729,Josh Reaves
1629730,Rayjon Tucker
1629731,Dean Wade
1629734,Kyle Alexander
1629735,Chris Silva
1629738,Vincent Poirier
1629739,William Howard
1629740,Nicolo Melli
1629741,Marko Guduric
1629742,Stanton Kidd
1629743,Donta Hall
1629744,Matt Thomas
1629745,Tariq Owens
1629746,Christ Koumadje
1629747,CJ Massinburg
1629749,David Kramer
1629750,Javonte Green
1629751,Dakota Mathias
1629752,Juwan Morgan
1629753,Isaiah Pineiro
1629755,Hassani Gravett
1629756,Daulton Hommes
1629759,Ahmed Hill
1629760,Matt Mooney
1629777,Lamar Peters
1629779,Justin Simon
1629783,Shaq Buchanan
1629786,John Egbunu
1629788,Tyler Hall
1629800,Kavion Pippen
1629806,B.J. Taylor
1629818,Jordan Murphy
1629819,Yudai Baba
1629824,Jalen Adams
1629825,Perrion Callandret
1629826,Norense Odiase
1629833,Keljin Blevins
1629860,Jon Davis
1629873,Jaysean Paige
1629875,Xavier Moon
1629956,Barry Brown
1629958,Ahmad Caver
1629962,Devin Cannady
1629967,Skyler Flatten
1630162,Anthony Edwards
1630163,LaMelo Ball
1630164,James Wiseman
1630165,Killian Hayes
1630166,Deni Avdija
1630167,Obi Toppin
1630168,Onyeka Okongwu
1630169,Tyrese Haliburton
1630170,Devin Vassell
1630171,Isaac Okoro
1630172,Patrick Williams
1630173,Precious Achiuwa
1630174,Aaron Nesmith
1630175,Cole Anthony
1630176,Vernon Carey Jr.
1630177,Theo Maledon
1630178,Tyrese Maxey
1630179,Tyrell Terry
1630180,Saddiq Bey
1630181,R.J. Hampton
1630182,Josh Green
1630183,Jaden McDaniels
1630184,Kira Lewis Jr.
1630185,Nico Mannion
1630186,Jahmi'us Ramsey
1630187,Daniel Oturu
1630188,Jalen Smith
1630189,Tyler Bey
1630190,Elijah Hughes
1630191,Isaiah Stewart
1630192,Zeke Nnaji
1630193,Immanuel Quickley
1630194,Paul Reed
1630195,Leandro Bolmaro
1630197,Aleksej Pokusevski
1630198,Isaiah Joe
1630199,Cassius Stanley
1630200,Tre Jones
1630201,Malachi Flynn
1630202,Payton Pritchard
1630203,Grant Riller
1630204,Ashton Hagans
1630205,Lamar Stevens
1630206,Jay Scrubb
1630207,Nate Hinton
1630208,Nick Richards
1630209,Omer Yurtseven
1630210,Markus Howard
1630211,Karim Mane
1630213,Yoeli Childs
1630214,Xavier Tillman
1630215,Jared Butler
1630216,Cassius Winston
1630217,Desmond Bane
1630218,Robert Woodard II
1630219,Skylar Mays
1630220,Paul Eboua
1630221,Josh Hall
1630222,Mason Jones
1630223,Jalen Harris
1630224,Jalen Green
1630225,Isaiah Todd
1630227,Daishen Nix
1630228,Jonathan Kuminga
1630230,Naji Marshall
1630231,Kenyon Martin Jr.
1630232,Kahlil Whitney
1630233,Nathan Knight
1630234,Ty-Shon Alexander
1630235,Trent Forrest
1630237,Anthony Lamb
1630238,Malik Fitts
1630240,Saben Lee
1630241,Sam Merrill
1630243,Trevelin Queen
1630245,Ayo Dosunmu
1630247,Derrick Alston Jr.
1630248,Sacha Killeya-Jones
1630249,Vit Krejci
1630250,Marko Simonovic
1630253,Sean McDermott
1630254,Breein Tyree
1630255,Jake Toolson
1630256,Jae'Sean Tate
1630257,Jon Teske
1630258,Caleb Homesley
1630259,Jordan Ford
1630260,Marlon Taylor
1630261,Jahlil Tripp
1630262,Rayshaun Hammonds
1630263,Dwayne Sutton
1630264,Anthony Gill
1630265,Romaro Gill
1630266,Will Magnay
1630267,Facundo Campazzo
1630268,Nate Darling
1630269,Keandre Cook
1630270,Xavier Sneed
1630271,Brodric Thomas
1630272,E.J. Montgomery
1630273,Freddie Gillespie
1630275,Jordan Bowden
1630278,Ade Murkey
1630284,Kevon Harris
1630285,Zavier Simpson
1630286,Trevon Scott
1630288,Jeff Dowtin
1630296,Braxton Key
1630306,Rob Edwards
1630311,Pat Spencer
1630314,Brandon Williams
1630321,Nate Pierre-Louis
1630322,Lindy Waters III
1630346,Matt Ryan
1630466,Gabriel Deck
1630492,Luca Vildoza
1630525,David Johnson
1630526,Jeremiah Robinson-Earl
1630527,Brandon Boston Jr.
1630528,Josh Christopher
1630529,Herbert Jones
1630530,Trey Murphy III
1630531,Jaden Springer
1630532,Franz Wagner
1630533,Ziaire Williams
1630534,Ochai Agbaji
1630535,Greg Brown III
1630536,Sharife Cooper
1630537,Chris Duarte
1630538,Bones Hyland
1630539,Kai Jones
1630540,Miles McBride
1630541,Moses Moody
1630543,Isaiah Jackson
1630544,Tre Mann
1630547,James Bouknight
1630548,Johnny Juzang
1630549,Day'Ron Sharpe
1630550,JT Thor
1630551,Justin Champagnie
1630552,Jalen Johnson
1630553,Keon Johnson
1630554,Jason Preston
1630555,Joel Ayayi
1630556,Kessler Edwards
1630557,Corey Kispert
1630558,Davion Mitchell
1630559,Austin Reaves
1630560,Cam Thomas
1630561,David Duke Jr.
1630562,Matt Hurt
1630563,Joshua Primo
1630564,RaiQuan Gray
1630565,Aaron Henry
1630566,John Petty Jr.
1630567,Scottie Barnes
1630568,Luka Garza
1630569,DJ Steward
1630570,Trendon Watford
1630572,Sandro Mamukelashvili
1630573,Sam Hauser
1630575,Scottie Lewis
1630577,Julian Champagnie
1630578,Alperen Sengun
1630579,Jericho Sims
1630580,Joe Wieskamp
1630581,Josh Giddey
1630582,Yves Pons
1630583,Santi Aldama
1630585,Marcus Garrett
1630586,Usman Garuba
1630587,Isaiah Livers
1630588,Makur Maker
1630589,Moses Wright
1630590,Scotty Pippen Jr.
1630591,Jalen Suggs
1630593,McKinley Wright IV
1630595,Cade Cunningham
1630596,Evan Mobley
1630597,DJ Stewart
1630598,Aaron Wiggins
1630600,Isaiah Mobley
1630601,EJ Onu
1630602,Chaundee Brown Jr.
1630603,Aamir Simms
1630605,JaQuori McLaughlin
1630606,Javonte Smart
1630607,Chris Smith
1630610,DeJon Jarreau
1630612,RJ Nembhard Jr.
1630613,Duane Washington Jr.
1630617,MaCio Teague
1630618,D.J. Carton
1630620,Darius Days
1630622,Jalen Crutcher
1630623,Tyson Etienne
1630624,Feron Hunt
1630625,Dalano Banton
1630627,Isaiah Miller
1630631,Jose Alvarado
1630637,Carlik Jones
1630639,A.J. Lawson
1630640,MJ Walker
1630641,Ibou Badji
1630642,Mitch Ballock
1630643,Jay Huff
1630644,Mac McClung
1630645,Matt Coleman III
1630647,Eugene Omoruyi
1630648,Jordan Schakel
1630649,Stanley Umude
1630651,Romeo Weems
1630652,Trevion Williams
1630665,Matt Lewis
1630672,Brandon Rachal
1630675,Devontae Shuler
1630678,Terry Taylor
1630679,Ethan Thompson
1630686,Georgios Kalaitzakis
1630688,Ish Wainright
1630691,Jamorko Pickett
1630692,Jordan Goodwin
1630693,Jaime Echenique
1630695,Micah Potter
1630696,Dru Smith
1630698,Kevin Pangos
1630699,MarJon Beauchamp
1630700,Dyson Daniels
1630701,Michael Foster Jr.
1630702,Jaden Hardy
1630707,Malik Ellison
1630758,Aleem Ford
1630777,Jeremiah Tilmon
1630787,Cameron McGriff
1630791,James Banks III
1630792,Malcolm Hill
1630793,Giorgi Bezhanishvili
1630801,Ibi Watson-Boye
1630835,L.J. Figueroa
1630846,Olivier Sarr
1630994,Gabriel Lundberg
1631093,Jaden Ivey
1631094,Paolo Banchero
1631095,Jabari Smith Jr.
1631096,Chet Holmgren
1631097,Bennedict Mathurin
1631098,Johnny Davis
1631099,Keegan Murray
1631100,AJ Griffin
1631101,Shaedon Sharpe
1631102,TyTy Washington Jr.
1631103,Malaki Branham
1631104,Blake Wesley
1631105,Jalen Duren
1631106,Tari Eason
1631107,Nikola Jovic
1631108,Max Christie
1631109,Mark Williams
1631110,Jeremy Sochan
1631111,Wendell Moore Jr.
1631112,Kendall Brown
1631113,Kennedy Chandler
1631114,Jalen Williams
1631115,Orlando Robinson
1631116,Patrick Baldwin Jr.
1631117,Walker Kessler
1631119,Jaylin Williams
1631120,JD Davison
1631121,Bryce McGowens
1631122,Gabe Brown
1631123,Jamaree Bouyea
1631128,Christian Braun
1631132,Christian Koloko
1631133,Jabari Walker
1631157,Ryan Rollins
1631160,Jordan Hall
1631165,Keon Ellis
1631169,Josh Minott
1631171,Justin Lewis
1631172,Ousmane Dieng
1631197,Jared Rhoden
1631199,Ron Harper Jr.
1631205,Buddy Boeheim
1631207,Dalen Terry
1631211,Trevor Keels
1631212,Peyton Watson
1631213,Tyrese Martin
1631214,Alondes Williams
1631216,Caleb Houstan
1631217,Moussa Diabate
1631219,John Butler Jr.
1631220,Dereon Seabron
1631221,Collin Gillespie
1631222,Jake LaRavia
1631223,David Roddy
1631230,Dominick Barlow
1631234,Marcus Bingham Jr.
1631238,Michael Devoe
1631241,Javon Freeman-Liberty
1631242,Kellan Grady
1631245,Quenton Jackson
1631246,Vince Williams Jr.
1631254,Kenneth Lofton Jr.
1631260,AJ Green
1631262,Jules Bernard
1631288,Jamal Cain
1631298,Jack White
1631300,Drake Jeffries
1631301,Jaylen Sims
1631306,Cole Swider
1631309,Trevor Hudgins
1631311,Lester Quinones
1631317,Adonis Arms
1631320,Chima Moneke
1631322,Javante McCoy
1631323,Simone Fontecchio
1631338,Mouhamadou Gueye
1631339,Tommy Kuhse
1631342,Daeqwon Plowden
1631347,Anthony Duruji
1631348,Isaiah Whaley
1631351,Lucas Williamson
1631367,Jacob Gilyard
1631368,Justin Bean
1631371,Grant Golden
1631466,Jeenathan Williams
122683568,Vernon Macklin
1962936250,Wesley Matthews
1962936270,Dionte Christmas
1962936483,Jan Vesely
1962936489,Brian Skinner
1962936495,Damien Wilkins
1962937755,Paige Marcus
1962937827,Matt Matt